{
  "model_name": "Logistic Regression",
  "model_type": "LogisticRegression",
  "training_date": "2026-01-01 15:17:59",
  "test_accuracy": 0.7717040485130602,
  "test_precision": 0.7727720990286122,
  "test_recall": 0.7717040485130602,
  "test_f1": 0.7716022624149468,
  "per_class_metrics": {
    "Negative": {
      "precision": 0.7911478497436434,
      "recall": 0.7463566531462005,
      "f1": 0.7680998139109636,
      "support": 111436
    },
    "Positive": {
      "precision": 0.7539071002568456,
      "recall": 0.7977263095830339,
      "f1": 0.7751979624084047,
      "support": 108546
    }
  },
  "training_samples": 1027167,
  "validation_samples": 219395,
  "test_samples": 219982,
  "total_samples": 1466544,
  "vocabulary_size": 5000,
  "max_features": 5000,
  "ngram_range": [
    1,
    2
  ],
  "training_time": 7.210788726806641,
  "inference_time_ms": 7.640423376614336e-05,
  "model_params": {
    "C": 1.0,
    "class_weight": "balanced",
    "dual": false,
    "fit_intercept": true,
    "intercept_scaling": 1,
    "l1_ratio": null,
    "max_iter": 1000,
    "multi_class": "deprecated",
    "n_jobs": -1,
    "penalty": "l2",
    "random_state": 42,
    "solver": "lbfgs",
    "tol": 0.0001,
    "verbose": 0,
    "warm_start": false
  },
  "class_labels": [
    "Negative",
    "Positive"
  ]
}