{
  "models": {
    "Logistic Regression": {
      "accuracy": 0.7714168508853894,
      "precision": 0.7724692060926073,
      "recall": 0.7714168508853894,
      "f1": 0.7713171671965776,
      "train_time": 7.210788726806641
    },
    "Naive Bayes": {
      "accuracy": 0.754561407507008,
      "precision": 0.7545686798752668,
      "recall": 0.754561407507008,
      "f1": 0.7545246935221217,
      "train_time": 3.5356411933898926
    },
    "Linear SVM": {
      "accuracy": 0.770929146060758,
      "precision": 0.7723755286329291,
      "recall": 0.770929146060758,
      "f1": 0.7707690385533938,
      "train_time": 14.414331912994385
    }
  },
  "best_model": "Logistic Regression",
  "best_f1_score": 0.7713171671965776
}